"codigo_orden","codigo_cliente","codigo_servicio","codigo_provincia","codigo_motivo","estado_orden","fecha_adquisicion"
"TR000001","CL00078","S002","EC16","M001","EXITOSO","2021-10-08"
"TR000002","CL00009","S003","EC16","M001","EXITOSO","2021-02-23"
"TR000003","CL00048","S002","EC17","M001","EXITOSO","2022-09-11"
"TR000004","CL00017","S003","EC23","M001","EXITOSO","2022-09-28"
"TR000005","CL00011","S001","EC03","M001","EXITOSO","2022-05-31"
"TR000006","CL00003","S001","EC12","M001","EXITOSO","2021-12-26"
"TR000007","CL00031","S002","EC21","M001","EXITOSO","2021-12-14"
"TR000008","CL00035","S001","EC18","M001","EXITOSO","2022-01-03"
"TR000009","CL00054","S004","EC07","M001","EXITOSO","2021-05-13"
"TR000010","CL00029","S002","EC01","M001","EXITOSO","2021-09-25"
"TR000011","CL00059","S003","EC04","M001","EXITOSO","2022-09-18"
"TR000012","CL00011","S001","EC21","M001","EXITOSO","2022-06-20"
"TR000013","CL00053","S004","EC07","M001","EXITOSO","2021-05-04"
"TR000014","CL00031","S004","EC06","M001","EXITOSO","2022-01-02"
"TR000015","CL00082","S002","EC05","M001","EXITOSO","2021-11-26"
"TR000016","CL00062","S003","EC15","M001","EXITOSO","2021-04-14"
"TR000017","CL00027","S002","EC04","M006","FALLIDO","2022-01-22"
"TR000018","CL00074","S003","EC22","M001","EXITOSO","2021-01-30"
"TR000019","CL00045","S002","EC24","M001","EXITOSO","2022-09-20"
"TR000020","CL00027","S001","EC19","M001","EXITOSO","2021-04-19"
"TR000021","CL00073","S002","EC03","M001","EXITOSO","2021-11-17"
"TR000022","CL00037","S002","EC21","M006","FALLIDO","2022-04-02"
"TR000023","CL00050","S002","EC24","M001","EXITOSO","2021-02-27"
"TR000024","CL00004","S001","EC09","M002","FALLIDO","2022-04-12"
"TR000025","CL00029","S004","EC02","M001","EXITOSO","2021-09-12"
"TR000026","CL00001","S002","EC21","M001","EXITOSO","2022-01-15"
"TR000027","CL00036","S004","EC13","M001","EXITOSO","2021-06-08"
"TR000028","CL00007","S002","EC10","M001","EXITOSO","2021-10-29"
"TR000029","CL00039","S003","EC13","M001","EXITOSO","2021-10-24"
"TR000030","CL00057","S003","EC04","M001","EXITOSO","2021-03-06"
"TR000031","CL00068","S003","EC12","M001","EXITOSO","2021-01-13"
"TR000032","CL00057","S002","EC23","M001","EXITOSO","2021-01-07"
"TR000033","CL00059","S003","EC16","M001","EXITOSO","2022-02-15"
"TR000034","CL00001","S003","EC12","M001","EXITOSO","2022-02-20"
"TR000035","CL00069","S004","EC03","M001","EXITOSO","2022-05-16"
"TR000036","CL00070","S002","EC14","M001","EXITOSO","2022-08-22"
"TR000037","CL00003","S004","EC11","M001","EXITOSO","2022-10-27"
"TR000038","CL00057","S001","EC19","M001","EXITOSO","2021-10-05"
"TR000039","CL00072","S001","EC05","M001","EXITOSO","2021-06-16"
"TR000040","CL00080","S003","EC22","M001","EXITOSO","2022-10-26"
"TR000041","CL00013","S002","EC21","M001","EXITOSO","2022-09-07"
"TR000042","CL00069","S003","EC22","M006","FALLIDO","2022-09-28"
"TR000043","CL00033","S004","EC18","M001","EXITOSO","2021-09-02"
"TR000044","CL00047","S004","EC15","M001","EXITOSO","2022-06-30"
"TR000045","CL00021","S003","EC18","M005","FALLIDO","2021-02-02"
"TR000046","CL00034","S004","EC01","M001","EXITOSO","2021-12-22"
"TR000047","CL00079","S003","EC16","M001","EXITOSO","2022-06-13"
"TR000048","CL00058","S002","EC15","M001","EXITOSO","2022-03-03"
"TR000049","CL00022","S001","EC03","M001","EXITOSO","2021-08-12"
"TR000050","CL00062","S004","EC12","M001","EXITOSO","2021-03-30"
"TR000051","CL00037","S004","EC08","M001","EXITOSO","2021-07-21"
"TR000052","CL00049","S003","EC18","M001","EXITOSO","2021-04-30"
"TR000053","CL00079","S004","EC09","M001","EXITOSO","2022-05-10"
"TR000054","CL00012","S001","EC06","M006","FALLIDO","2022-11-25"
"TR000055","CL00081","S002","EC11","M001","EXITOSO","2022-11-16"
"TR000056","CL00034","S003","EC10","M001","EXITOSO","2021-12-09"
"TR000057","CL00002","S002","EC23","M001","EXITOSO","2022-03-04"
"TR000058","CL00034","S002","EC20","M001","EXITOSO","2021-06-23"
"TR000059","CL00044","S001","EC03","M002","FALLIDO","2021-08-05"
"TR000060","CL00029","S003","EC03","M001","EXITOSO","2022-03-18"
"TR000061","CL00063","S003","EC20","M001","EXITOSO","2022-07-26"
"TR000062","CL00001","S004","EC19","M001","EXITOSO","2021-09-26"
"TR000063","CL00020","S001","EC16","M001","EXITOSO","2021-03-21"
"TR000064","CL00007","S002","EC19","M001","EXITOSO","2022-10-22"
"TR000065","CL00059","S001","EC14","M001","EXITOSO","2021-01-28"
"TR000066","CL00005","S003","EC17","M001","EXITOSO","2022-01-15"
"TR000067","CL00076","S004","EC10","M001","EXITOSO","2021-08-05"
"TR000068","CL00025","S001","EC17","M003","FALLIDO","2021-11-25"
"TR000069","CL00009","S004","EC24","M001","EXITOSO","2021-12-07"
"TR000070","CL00047","S002","EC08","M001","EXITOSO","2021-08-20"
"TR000071","CL00006","S002","EC21","M001","EXITOSO","2022-08-08"
"TR000072","CL00016","S001","EC19","M001","EXITOSO","2022-04-22"
"TR000073","CL00081","S001","EC01","M001","EXITOSO","2022-02-04"
"TR000074","CL00032","S001","EC07","M001","EXITOSO","2021-08-03"
"TR000075","CL00027","S004","EC08","M001","EXITOSO","2022-01-12"
"TR000076","CL00071","S002","EC07","M001","EXITOSO","2022-01-09"
"TR000077","CL00074","S003","EC01","M001","EXITOSO","2022-02-11"
"TR000078","CL00039","S002","EC24","M001","EXITOSO","2022-08-18"
"TR000079","CL00023","S004","EC02","M001","EXITOSO","2021-09-01"
"TR000080","CL00065","S004","EC04","M001","EXITOSO","2022-02-26"
"TR000081","CL00059","S001","EC23","M001","EXITOSO","2022-10-04"
"TR000082","CL00081","S003","EC10","M001","EXITOSO","2022-10-22"
"TR000083","CL00030","S001","EC15","M001","EXITOSO","2022-06-04"
"TR000084","CL00017","S003","EC03","M001","EXITOSO","2021-11-17"
"TR000085","CL00019","S001","EC18","M001","EXITOSO","2021-08-14"
"TR000086","CL00074","S002","EC06","M001","EXITOSO","2021-05-22"
"TR000087","CL00017","S004","EC01","M001","EXITOSO","2022-01-11"
"TR000088","CL00002","S002","EC16","M001","EXITOSO","2021-08-19"
"TR000089","CL00012","S001","EC02","M001","EXITOSO","2022-05-23"
"TR000090","CL00049","S003","EC01","M001","EXITOSO","2021-02-20"
"TR000091","CL00048","S003","EC15","M001","EXITOSO","2021-08-09"
"TR000092","CL00029","S002","EC17","M001","EXITOSO","2022-05-16"
"TR000093","CL00009","S004","EC10","M001","EXITOSO","2022-09-07"
"TR000094","CL00059","S004","EC16","M001","EXITOSO","2021-08-30"
"TR000095","CL00002","S003","EC21","M005","FALLIDO","2021-03-30"
"TR000096","CL00053","S004","EC24","M001","EXITOSO","2021-10-04"
"TR000097","CL00017","S004","EC18","M001","EXITOSO","2021-02-23"
"TR000098","CL00038","S003","EC01","M001","EXITOSO","2021-07-19"
"TR000099","CL00063","S002","EC11","M001","EXITOSO","2022-10-17"
"TR000100","CL00006","S003","EC01","M001","EXITOSO","2022-04-09"
"TR000101","CL00076","S001","EC05","M001","EXITOSO","2021-02-14"
"TR000102","CL00071","S002","EC21","M001","EXITOSO","2022-02-07"
"TR000103","CL00002","S004","EC15","M001","EXITOSO","2022-05-13"
"TR000104","CL00053","S003","EC10","M001","EXITOSO","2022-04-16"
"TR000105","CL00048","S004","EC04","M001","EXITOSO","2021-03-11"
"TR000106","CL00023","S001","EC24","M002","FALLIDO","2022-04-21"
"TR000107","CL00032","S001","EC12","M001","EXITOSO","2021-09-05"
"TR000108","CL00006","S002","EC24","M001","EXITOSO","2021-03-04"
"TR000109","CL00032","S002","EC13","M001","EXITOSO","2021-12-30"
"TR000110","CL00046","S004","EC09","M001","EXITOSO","2022-11-23"
"TR000111","CL00064","S002","EC22","M006","FALLIDO","2022-03-22"
"TR000112","CL00016","S002","EC21","M001","EXITOSO","2022-10-25"
"TR000113","CL00049","S002","EC08","M001","EXITOSO","2022-02-06"
"TR000114","CL00050","S001","EC18","M001","EXITOSO","2021-10-22"
"TR000115","CL00033","S003","EC05","M001","EXITOSO","2022-05-27"
"TR000116","CL00066","S002","EC19","M001","EXITOSO","2021-07-06"
"TR000117","CL00063","S003","EC19","M001","EXITOSO","2021-01-18"
"TR000118","CL00027","S003","EC19","M001","EXITOSO","2022-01-29"
"TR000119","CL00078","S003","EC19","M001","EXITOSO","2022-05-05"
"TR000120","CL00026","S001","EC21","M001","EXITOSO","2021-03-01"
"TR000121","CL00056","S002","EC14","M001","EXITOSO","2021-09-25"
"TR000122","CL00005","S003","EC17","M001","EXITOSO","2022-05-06"
"TR000123","CL00080","S003","EC01","M001","EXITOSO","2022-01-22"
"TR000124","CL00046","S004","EC17","M001","EXITOSO","2022-03-21"
"TR000125","CL00046","S003","EC01","M001","EXITOSO","2021-08-22"
"TR000126","CL00016","S002","EC06","M001","EXITOSO","2022-06-08"
"TR000127","CL00019","S004","EC03","M001","EXITOSO","2021-09-19"
"TR000128","CL00068","S003","EC24","M001","EXITOSO","2021-12-08"
"TR000129","CL00032","S003","EC15","M001","EXITOSO","2022-05-18"
"TR000130","CL00008","S003","EC09","M001","EXITOSO","2022-05-29"
"TR000131","CL00020","S003","EC19","M001","EXITOSO","2021-12-20"
"TR000132","CL00057","S002","EC16","M001","EXITOSO","2022-03-16"
"TR000133","CL00050","S004","EC07","M001","EXITOSO","2021-10-24"
"TR000134","CL00079","S003","EC03","M001","EXITOSO","2022-01-14"
"TR000135","CL00060","S001","EC17","M001","EXITOSO","2022-09-24"
"TR000136","CL00082","S003","EC17","M001","EXITOSO","2021-09-11"
"TR000137","CL00057","S002","EC02","M001","EXITOSO","2022-10-28"
"TR000138","CL00037","S001","EC01","M001","EXITOSO","2021-05-03"
"TR000139","CL00040","S002","EC13","M001","EXITOSO","2022-07-14"
"TR000140","CL00010","S001","EC08","M001","EXITOSO","2022-10-25"
"TR000141","CL00028","S004","EC04","M001","EXITOSO","2021-03-13"
"TR000142","CL00027","S002","EC17","M001","EXITOSO","2022-06-22"
"TR000143","CL00070","S003","EC07","M001","EXITOSO","2021-04-06"
"TR000144","CL00022","S002","EC16","M006","FALLIDO","2021-02-10"
"TR000145","CL00007","S002","EC06","M001","EXITOSO","2022-10-19"
"TR000146","CL00003","S002","EC10","M001","EXITOSO","2021-09-09"
"TR000147","CL00067","S002","EC03","M001","EXITOSO","2021-11-15"
"TR000148","CL00011","S004","EC03","M001","EXITOSO","2021-06-28"
"TR000149","CL00001","S001","EC16","M001","EXITOSO","2021-06-14"
"TR000150","CL00046","S004","EC03","M001","EXITOSO","2022-02-04"
"TR000151","CL00004","S002","EC13","M001","EXITOSO","2022-04-26"
"TR000152","CL00030","S001","EC05","M006","FALLIDO","2021-08-15"
"TR000153","CL00080","S004","EC21","M001","EXITOSO","2021-04-04"
"TR000154","CL00054","S001","EC15","M001","EXITOSO","2022-04-02"
"TR000155","CL00075","S001","EC13","M001","EXITOSO","2021-02-12"
"TR000156","CL00056","S004","EC07","M001","EXITOSO","2021-08-21"
"TR000157","CL00002","S003","EC08","M001","EXITOSO","2022-06-24"
"TR000158","CL00011","S004","EC23","M001","EXITOSO","2022-08-05"
"TR000159","CL00056","S002","EC17","M001","EXITOSO","2022-07-14"
"TR000160","CL00076","S003","EC12","M001","EXITOSO","2022-06-05"
"TR000161","CL00048","S002","EC01","M001","EXITOSO","2021-06-05"
"TR000162","CL00002","S001","EC24","M001","EXITOSO","2022-08-13"
"TR000163","CL00081","S001","EC20","M001","EXITOSO","2022-11-25"
"TR000164","CL00055","S004","EC01","M001","EXITOSO","2022-11-11"
"TR000165","CL00008","S001","EC17","M001","EXITOSO","2022-06-13"
"TR000166","CL00028","S003","EC13","M001","EXITOSO","2021-03-12"
"TR000167","CL00004","S003","EC02","M001","EXITOSO","2022-11-28"
"TR000168","CL00075","S002","EC16","M001","EXITOSO","2021-05-01"
"TR000169","CL00058","S004","EC09","M001","EXITOSO","2021-10-18"
"TR000170","CL00008","S004","EC19","M001","EXITOSO","2021-06-25"
"TR000171","CL00032","S002","EC08","M001","EXITOSO","2022-01-24"
"TR000172","CL00071","S003","EC15","M001","EXITOSO","2021-06-16"
"TR000173","CL00050","S002","EC22","M001","EXITOSO","2022-03-11"
"TR000174","CL00055","S003","EC13","M001","EXITOSO","2022-10-28"
"TR000175","CL00070","S002","EC05","M001","EXITOSO","2022-08-14"
"TR000176","CL00070","S001","EC20","M001","EXITOSO","2021-04-18"
"TR000177","CL00043","S003","EC06","M006","FALLIDO","2022-11-02"
"TR000178","CL00003","S004","EC09","M001","EXITOSO","2022-06-07"
"TR000179","CL00073","S001","EC14","M001","EXITOSO","2021-09-29"
"TR000180","CL00082","S002","EC21","M001","EXITOSO","2022-11-09"
"TR000181","CL00008","S002","EC24","M001","EXITOSO","2021-12-21"
"TR000182","CL00046","S003","EC12","M001","EXITOSO","2021-08-06"
"TR000183","CL00079","S004","EC02","M001","EXITOSO","2022-08-14"
"TR000184","CL00034","S002","EC19","M001","EXITOSO","2021-09-06"
"TR000185","CL00005","S003","EC24","M001","EXITOSO","2021-06-23"
"TR000186","CL00014","S004","EC09","M001","EXITOSO","2022-04-14"
"TR000187","CL00036","S002","EC13","M001","EXITOSO","2021-10-19"
"TR000188","CL00019","S001","EC15","M001","EXITOSO","2021-02-23"
"TR000189","CL00047","S003","EC13","M001","EXITOSO","2021-06-29"
"TR000190","CL00003","S004","EC09","M001","EXITOSO","2022-05-25"
"TR000191","CL00034","S002","EC18","M001","EXITOSO","2021-02-09"
"TR000192","CL00033","S002","EC15","M001","EXITOSO","2022-05-03"
"TR000193","CL00023","S003","EC20","M001","EXITOSO","2021-02-16"
"TR000194","CL00045","S004","EC10","M001","EXITOSO","2021-02-18"
"TR000195","CL00028","S004","EC14","M001","EXITOSO","2021-12-30"
"TR000196","CL00046","S001","EC20","M001","EXITOSO","2022-09-22"
"TR000197","CL00073","S002","EC06","M001","EXITOSO","2022-03-06"
"TR000198","CL00063","S001","EC13","M001","EXITOSO","2021-02-22"
"TR000199","CL00011","S003","EC17","M001","EXITOSO","2021-02-17"
"TR000200","CL00043","S001","EC03","M001","EXITOSO","2022-08-14"
"TR000201","CL00072","S001","EC24","M001","EXITOSO","2022-09-07"
"TR000202","CL00006","S003","EC09","M001","EXITOSO","2022-03-16"
"TR000203","CL00033","S004","EC04","M003","FALLIDO","2021-07-21"
"TR000204","CL00081","S003","EC15","M001","EXITOSO","2022-05-23"
"TR000205","CL00015","S003","EC09","M001","EXITOSO","2021-02-05"
"TR000206","CL00074","S001","EC10","M001","EXITOSO","2022-03-14"
"TR000207","CL00002","S003","EC09","M001","EXITOSO","2021-05-23"
"TR000208","CL00003","S004","EC21","M001","EXITOSO","2021-01-12"
"TR000209","CL00051","S001","EC15","M001","EXITOSO","2022-11-27"
"TR000210","CL00015","S001","EC19","M001","EXITOSO","2021-05-16"
"TR000211","CL00058","S001","EC13","M001","EXITOSO","2021-11-08"
"TR000212","CL00010","S002","EC18","M001","EXITOSO","2021-06-29"
"TR000213","CL00021","S004","EC01","M001","EXITOSO","2022-05-21"
"TR000214","CL00040","S003","EC03","M001","EXITOSO","2021-10-06"
"TR000215","CL00032","S004","EC03","M001","EXITOSO","2021-08-09"
"TR000216","CL00038","S004","EC22","M001","EXITOSO","2022-08-19"
"TR000217","CL00053","S001","EC18","M001","EXITOSO","2021-11-09"
"TR000218","CL00005","S001","EC17","M001","EXITOSO","2022-01-10"
"TR000219","CL00031","S002","EC07","M001","EXITOSO","2021-06-04"
"TR000220","CL00021","S004","EC06","M001","EXITOSO","2022-03-31"
"TR000221","CL00070","S001","EC10","M001","EXITOSO","2022-03-10"
"TR000222","CL00046","S002","EC01","M001","EXITOSO","2021-07-22"
"TR000223","CL00011","S002","EC16","M001","EXITOSO","2021-05-02"
"TR000224","CL00069","S004","EC10","M001","EXITOSO","2022-09-13"
"TR000225","CL00008","S002","EC12","M001","EXITOSO","2021-02-07"
"TR000226","CL00061","S001","EC16","M001","EXITOSO","2022-03-14"
"TR000227","CL00051","S002","EC11","M006","FALLIDO","2022-03-22"
"TR000228","CL00074","S003","EC08","M001","EXITOSO","2021-02-23"
"TR000229","CL00070","S002","EC14","M001","EXITOSO","2021-06-05"
"TR000230","CL00010","S002","EC10","M001","EXITOSO","2022-02-18"
"TR000231","CL00052","S001","EC06","M001","EXITOSO","2022-09-27"
"TR000232","CL00018","S003","EC07","M001","EXITOSO","2022-02-01"
"TR000233","CL00014","S002","EC02","M001","EXITOSO","2022-05-05"
"TR000234","CL00034","S004","EC22","M003","FALLIDO","2021-01-25"
"TR000235","CL00022","S004","EC16","M001","EXITOSO","2021-12-16"
"TR000236","CL00030","S002","EC06","M001","EXITOSO","2022-01-22"
"TR000237","CL00075","S003","EC01","M001","EXITOSO","2021-02-19"
"TR000238","CL00056","S002","EC24","M001","EXITOSO","2022-07-24"
"TR000239","CL00069","S001","EC07","M001","EXITOSO","2021-09-04"
"TR000240","CL00004","S004","EC10","M003","FALLIDO","2022-02-22"
"TR000241","CL00068","S002","EC18","M001","EXITOSO","2021-09-28"
"TR000242","CL00042","S004","EC04","M004","FALLIDO","2022-04-08"
"TR000243","CL00002","S002","EC02","M001","EXITOSO","2021-12-16"
"TR000244","CL00062","S001","EC23","M001","EXITOSO","2021-08-22"
"TR000245","CL00055","S002","EC19","M001","EXITOSO","2022-03-31"
"TR000246","CL00017","S003","EC15","M001","EXITOSO","2022-09-12"
"TR000247","CL00062","S003","EC09","M001","EXITOSO","2022-01-30"
"TR000248","CL00043","S001","EC04","M001","EXITOSO","2021-11-03"
"TR000249","CL00047","S004","EC24","M001","EXITOSO","2022-07-25"
"TR000250","CL00019","S003","EC21","M001","EXITOSO","2022-06-06"
"TR000251","CL00053","S001","EC11","M001","EXITOSO","2021-03-04"
"TR000252","CL00032","S004","EC23","M001","EXITOSO","2022-04-19"
"TR000253","CL00024","S001","EC23","M001","EXITOSO","2021-04-08"
"TR000254","CL00022","S003","EC03","M005","FALLIDO","2022-02-02"
"TR000255","CL00057","S003","EC11","M001","EXITOSO","2021-12-13"
"TR000256","CL00012","S003","EC07","M001","EXITOSO","2022-11-19"
"TR000257","CL00076","S004","EC23","M001","EXITOSO","2021-08-02"
"TR000258","CL00004","S001","EC02","M001","EXITOSO","2022-04-07"
"TR000259","CL00053","S002","EC23","M001","EXITOSO","2021-01-14"
"TR000260","CL00072","S002","EC06","M001","EXITOSO","2021-12-17"
"TR000261","CL00047","S001","EC20","M001","EXITOSO","2022-08-30"
"TR000262","CL00056","S004","EC18","M001","EXITOSO","2022-01-14"
"TR000263","CL00069","S001","EC05","M001","EXITOSO","2022-01-11"
"TR000264","CL00047","S002","EC03","M001","EXITOSO","2022-11-19"
"TR000265","CL00027","S001","EC08","M001","EXITOSO","2022-03-08"
"TR000266","CL00068","S003","EC04","M001","EXITOSO","2021-12-14"
"TR000267","CL00058","S004","EC23","M001","EXITOSO","2022-11-01"
"TR000268","CL00063","S004","EC14","M001","EXITOSO","2022-04-02"
"TR000269","CL00038","S004","EC06","M001","EXITOSO","2022-06-29"
"TR000270","CL00033","S002","EC09","M001","EXITOSO","2021-10-25"
"TR000271","CL00017","S001","EC07","M001","EXITOSO","2021-10-09"
"TR000272","CL00048","S003","EC03","M001","EXITOSO","2022-08-24"
"TR000273","CL00073","S004","EC20","M001","EXITOSO","2022-11-03"
"TR000274","CL00064","S003","EC12","M001","EXITOSO","2021-06-27"
"TR000275","CL00050","S002","EC09","M001","EXITOSO","2021-07-03"
"TR000276","CL00022","S001","EC09","M001","EXITOSO","2022-03-22"
"TR000277","CL00082","S004","EC24","M004","FALLIDO","2021-05-31"
"TR000278","CL00036","S003","EC15","M001","EXITOSO","2022-09-01"
"TR000279","CL00011","S001","EC04","M001","EXITOSO","2022-08-24"
"TR000280","CL00037","S002","EC03","M001","EXITOSO","2021-04-13"
"TR000281","CL00057","S003","EC16","M001","EXITOSO","2022-01-09"
"TR000282","CL00028","S004","EC15","M001","EXITOSO","2022-11-18"
"TR000283","CL00012","S004","EC05","M001","EXITOSO","2022-09-01"
"TR000284","CL00082","S003","EC15","M001","EXITOSO","2021-07-30"
"TR000285","CL00062","S001","EC11","M001","EXITOSO","2022-02-04"
"TR000286","CL00034","S003","EC04","M001","EXITOSO","2022-07-19"
"TR000287","CL00073","S004","EC06","M001","EXITOSO","2022-01-22"
"TR000288","CL00025","S003","EC17","M001","EXITOSO","2021-12-15"
"TR000289","CL00055","S002","EC12","M001","EXITOSO","2022-11-14"
"TR000290","CL00064","S002","EC01","M001","EXITOSO","2021-03-12"
"TR000291","CL00003","S001","EC22","M001","EXITOSO","2021-06-14"
"TR000292","CL00010","S003","EC20","M003","FALLIDO","2022-08-29"
"TR000293","CL00072","S002","EC08","M001","EXITOSO","2022-11-09"
"TR000294","CL00029","S001","EC04","M001","EXITOSO","2021-01-04"
"TR000295","CL00063","S003","EC15","M001","EXITOSO","2022-10-17"
"TR000296","CL00041","S003","EC14","M006","FALLIDO","2022-01-31"
"TR000297","CL00035","S002","EC12","M001","EXITOSO","2022-04-08"
"TR000298","CL00042","S002","EC21","M001","EXITOSO","2021-10-20"
"TR000299","CL00021","S003","EC04","M001","EXITOSO","2022-11-19"
"TR000300","CL00075","S004","EC09","M001","EXITOSO","2021-01-31"
"TR000301","CL00026","S002","EC08","M001","EXITOSO","2022-03-27"
"TR000302","CL00061","S003","EC09","M001","EXITOSO","2021-02-07"
"TR000303","CL00039","S003","EC17","M001","EXITOSO","2021-09-24"
"TR000304","CL00038","S004","EC16","M001","EXITOSO","2022-07-21"
"TR000305","CL00061","S004","EC15","M001","EXITOSO","2021-10-30"
"TR000306","CL00032","S002","EC15","M006","FALLIDO","2021-11-06"
"TR000307","CL00005","S002","EC03","M001","EXITOSO","2021-06-18"
"TR000308","CL00023","S004","EC17","M001","EXITOSO","2022-10-11"
"TR000309","CL00007","S002","EC03","M001","EXITOSO","2022-04-27"
"TR000310","CL00072","S002","EC07","M001","EXITOSO","2021-12-18"
"TR000311","CL00043","S002","EC17","M001","EXITOSO","2022-03-21"
"TR000312","CL00021","S001","EC10","M001","EXITOSO","2021-02-24"
"TR000313","CL00024","S002","EC05","M006","FALLIDO","2022-09-05"
"TR000314","CL00026","S002","EC04","M001","EXITOSO","2022-01-02"
"TR000315","CL00069","S001","EC01","M001","EXITOSO","2021-09-24"
"TR000316","CL00033","S001","EC08","M001","EXITOSO","2022-10-15"
"TR000317","CL00020","S002","EC22","M002","FALLIDO","2022-04-15"
"TR000318","CL00001","S003","EC04","M001","EXITOSO","2021-12-09"
"TR000319","CL00019","S003","EC06","M001","EXITOSO","2021-10-20"
"TR000320","CL00057","S002","EC09","M001","EXITOSO","2021-11-28"
"TR000321","CL00012","S004","EC24","M001","EXITOSO","2021-10-04"
"TR000322","CL00072","S001","EC09","M001","EXITOSO","2021-10-27"
"TR000323","CL00018","S004","EC17","M001","EXITOSO","2021-08-26"
"TR000324","CL00043","S004","EC06","M001","EXITOSO","2021-03-24"
"TR000325","CL00037","S002","EC09","M005","FALLIDO","2021-07-20"
"TR000326","CL00019","S004","EC16","M001","EXITOSO","2022-08-03"
"TR000327","CL00003","S004","EC17","M001","EXITOSO","2021-03-07"
"TR000328","CL00054","S002","EC08","M001","EXITOSO","2022-05-06"
"TR000329","CL00041","S001","EC24","M001","EXITOSO","2022-06-22"
"TR000330","CL00042","S004","EC20","M001","EXITOSO","2022-08-05"
"TR000331","CL00027","S002","EC19","M001","EXITOSO","2021-09-27"
"TR000332","CL00064","S001","EC12","M001","EXITOSO","2022-11-16"
"TR000333","CL00078","S002","EC16","M001","EXITOSO","2021-05-30"
"TR000334","CL00045","S003","EC20","M001","EXITOSO","2022-05-17"
"TR000335","CL00054","S003","EC24","M001","EXITOSO","2022-06-26"
"TR000336","CL00020","S003","EC10","M001","EXITOSO","2022-02-27"
"TR000337","CL00019","S004","EC16","M001","EXITOSO","2022-09-17"
"TR000338","CL00021","S002","EC06","M001","EXITOSO","2022-09-21"
"TR000339","CL00060","S001","EC11","M001","EXITOSO","2021-01-13"
"TR000340","CL00050","S001","EC13","M001","EXITOSO","2021-12-10"
"TR000341","CL00023","S004","EC20","M001","EXITOSO","2022-10-30"
"TR000342","CL00021","S002","EC11","M001","EXITOSO","2021-03-23"
"TR000343","CL00014","S004","EC04","M001","EXITOSO","2021-11-19"
"TR000344","CL00040","S003","EC17","M001","EXITOSO","2021-11-22"
"TR000345","CL00078","S001","EC19","M001","EXITOSO","2022-04-08"
"TR000346","CL00046","S004","EC11","M001","EXITOSO","2021-01-07"
"TR000347","CL00021","S003","EC19","M001","EXITOSO","2022-07-01"
"TR000348","CL00073","S004","EC06","M001","EXITOSO","2021-08-31"
"TR000349","CL00077","S002","EC17","M001","EXITOSO","2021-01-31"
"TR000350","CL00011","S004","EC12","M001","EXITOSO","2022-01-20"
"TR000351","CL00064","S004","EC03","M001","EXITOSO","2021-12-12"
"TR000352","CL00049","S001","EC14","M001","EXITOSO","2021-06-27"
"TR000353","CL00046","S004","EC14","M001","EXITOSO","2021-03-22"
"TR000354","CL00026","S003","EC20","M001","EXITOSO","2022-01-15"
"TR000355","CL00058","S003","EC21","M001","EXITOSO","2021-02-22"
"TR000356","CL00025","S001","EC01","M001","EXITOSO","2022-11-20"
"TR000357","CL00007","S004","EC24","M001","EXITOSO","2021-05-17"
"TR000358","CL00006","S003","EC12","M001","EXITOSO","2021-03-31"
"TR000359","CL00071","S004","EC06","M001","EXITOSO","2021-06-07"
"TR000360","CL00054","S002","EC02","M001","EXITOSO","2022-07-02"
"TR000361","CL00069","S003","EC24","M001","EXITOSO","2022-11-08"
"TR000362","CL00059","S002","EC21","M001","EXITOSO","2021-11-17"
"TR000363","CL00024","S001","EC01","M001","EXITOSO","2022-08-24"
"TR000364","CL00046","S003","EC13","M001","EXITOSO","2021-12-17"
"TR000365","CL00079","S002","EC01","M001","EXITOSO","2022-07-06"
"TR000366","CL00048","S004","EC03","M001","EXITOSO","2022-01-20"
"TR000367","CL00024","S001","EC18","M001","EXITOSO","2022-09-27"
"TR000368","CL00071","S001","EC09","M003","FALLIDO","2022-04-17"
"TR000369","CL00029","S001","EC01","M001","EXITOSO","2022-06-18"
"TR000370","CL00063","S001","EC09","M001","EXITOSO","2021-12-21"
"TR000371","CL00049","S001","EC23","M001","EXITOSO","2021-01-02"
"TR000372","CL00021","S001","EC08","M001","EXITOSO","2022-11-01"
"TR000373","CL00032","S002","EC22","M001","EXITOSO","2021-12-06"
"TR000374","CL00021","S001","EC05","M001","EXITOSO","2021-04-08"
"TR000375","CL00051","S002","EC10","M004","FALLIDO","2022-10-01"
"TR000376","CL00039","S001","EC11","M001","EXITOSO","2021-09-08"
"TR000377","CL00042","S002","EC11","M001","EXITOSO","2021-02-02"
"TR000378","CL00002","S001","EC17","M001","EXITOSO","2021-07-04"
"TR000379","CL00017","S002","EC05","M001","EXITOSO","2021-02-19"
"TR000380","CL00077","S001","EC22","M001","EXITOSO","2022-01-10"
"TR000381","CL00057","S002","EC21","M001","EXITOSO","2021-04-14"
"TR000382","CL00007","S004","EC22","M001","EXITOSO","2021-08-04"
"TR000383","CL00076","S001","EC14","M001","EXITOSO","2021-09-09"
"TR000384","CL00046","S004","EC22","M001","EXITOSO","2021-01-09"
"TR000385","CL00016","S003","EC01","M001","EXITOSO","2021-04-13"
"TR000386","CL00013","S004","EC20","M001","EXITOSO","2021-01-17"
"TR000387","CL00073","S001","EC08","M006","FALLIDO","2021-01-02"
"TR000388","CL00071","S002","EC12","M001","EXITOSO","2022-02-04"
"TR000389","CL00039","S003","EC03","M001","EXITOSO","2021-05-04"
"TR000390","CL00003","S001","EC01","M001","EXITOSO","2022-04-17"
"TR000391","CL00050","S004","EC13","M005","FALLIDO","2021-11-04"
"TR000392","CL00067","S001","EC08","M002","FALLIDO","2022-05-12"
"TR000393","CL00027","S001","EC01","M001","EXITOSO","2021-02-20"
"TR000394","CL00062","S003","EC08","M001","EXITOSO","2021-08-28"
"TR000395","CL00018","S003","EC08","M001","EXITOSO","2021-05-21"
"TR000396","CL00059","S003","EC09","M001","EXITOSO","2021-09-21"
"TR000397","CL00044","S002","EC08","M001","EXITOSO","2021-01-22"
"TR000398","CL00049","S003","EC05","M001","EXITOSO","2021-05-05"
"TR000399","CL00039","S001","EC18","M001","EXITOSO","2022-04-18"
"TR000400","CL00028","S003","EC14","M001","EXITOSO","2021-02-01"
"TR000401","CL00040","S004","EC17","M001","EXITOSO","2022-04-05"
"TR000402","CL00063","S004","EC15","M001","EXITOSO","2021-02-15"
"TR000403","CL00011","S003","EC16","M001","EXITOSO","2022-11-28"
"TR000404","CL00051","S001","EC13","M005","FALLIDO","2022-07-02"
"TR000405","CL00056","S004","EC19","M001","EXITOSO","2022-02-14"
"TR000406","CL00027","S001","EC01","M001","EXITOSO","2021-11-10"
"TR000407","CL00015","S004","EC19","M001","EXITOSO","2022-06-18"
"TR000408","CL00058","S002","EC09","M001","EXITOSO","2022-10-30"
"TR000409","CL00074","S003","EC05","M001","EXITOSO","2021-04-10"
"TR000410","CL00024","S002","EC14","M001","EXITOSO","2022-01-13"
"TR000411","CL00081","S003","EC06","M001","EXITOSO","2021-05-06"
"TR000412","CL00073","S004","EC24","M001","EXITOSO","2021-04-19"
"TR000413","CL00043","S001","EC02","M001","EXITOSO","2021-01-09"
"TR000414","CL00077","S001","EC13","M001","EXITOSO","2022-10-21"
"TR000415","CL00052","S004","EC11","M001","EXITOSO","2021-04-23"
"TR000416","CL00081","S002","EC01","M001","EXITOSO","2021-12-02"
"TR000417","CL00042","S003","EC18","M001","EXITOSO","2021-11-09"
"TR000418","CL00011","S002","EC07","M001","EXITOSO","2022-02-23"
"TR000419","CL00003","S003","EC08","M001","EXITOSO","2022-01-14"
"TR000420","CL00043","S004","EC14","M001","EXITOSO","2021-03-25"
"TR000421","CL00070","S001","EC21","M001","EXITOSO","2021-02-02"
"TR000422","CL00014","S003","EC06","M001","EXITOSO","2022-07-28"
"TR000423","CL00017","S004","EC10","M001","EXITOSO","2022-06-01"
"TR000424","CL00012","S002","EC24","M001","EXITOSO","2021-03-03"
"TR000425","CL00024","S003","EC07","M001","EXITOSO","2022-10-24"
"TR000426","CL00008","S002","EC14","M001","EXITOSO","2022-07-12"
"TR000427","CL00039","S003","EC15","M001","EXITOSO","2021-09-17"
"TR000428","CL00028","S004","EC16","M001","EXITOSO","2021-10-01"
"TR000429","CL00067","S002","EC06","M001","EXITOSO","2021-12-21"
"TR000430","CL00038","S001","EC23","M003","FALLIDO","2021-05-28"
"TR000431","CL00047","S003","EC23","M001","EXITOSO","2021-08-09"
"TR000432","CL00072","S003","EC08","M001","EXITOSO","2022-11-22"
"TR000433","CL00021","S001","EC22","M001","EXITOSO","2022-06-03"
"TR000434","CL00028","S001","EC09","M001","EXITOSO","2022-09-02"
"TR000435","CL00035","S001","EC05","M001","EXITOSO","2022-02-11"
"TR000436","CL00048","S002","EC21","M001","EXITOSO","2021-01-18"
"TR000437","CL00018","S001","EC11","M001","EXITOSO","2021-07-19"
"TR000438","CL00061","S002","EC17","M001","EXITOSO","2021-05-04"
"TR000439","CL00062","S002","EC02","M001","EXITOSO","2021-02-09"
"TR000440","CL00060","S002","EC03","M001","EXITOSO","2022-02-18"
"TR000441","CL00005","S004","EC23","M001","EXITOSO","2021-12-13"
"TR000442","CL00070","S004","EC09","M001","EXITOSO","2021-02-26"
"TR000443","CL00045","S001","EC07","M001","EXITOSO","2022-03-19"
"TR000444","CL00029","S003","EC16","M001","EXITOSO","2021-12-16"
"TR000445","CL00026","S002","EC21","M001","EXITOSO","2022-09-24"
"TR000446","CL00035","S004","EC06","M001","EXITOSO","2021-03-17"
"TR000447","CL00025","S004","EC02","M001","EXITOSO","2021-02-05"
"TR000448","CL00060","S003","EC06","M001","EXITOSO","2022-01-19"
"TR000449","CL00036","S003","EC15","M001","EXITOSO","2022-02-19"
"TR000450","CL00074","S002","EC20","M001","EXITOSO","2021-07-28"
"TR000451","CL00009","S002","EC04","M001","EXITOSO","2022-09-21"
"TR000452","CL00008","S002","EC02","M001","EXITOSO","2022-10-15"
"TR000453","CL00009","S001","EC09","M001","EXITOSO","2021-12-06"
"TR000454","CL00034","S001","EC05","M001","EXITOSO","2021-02-20"
"TR000455","CL00028","S003","EC12","M001","EXITOSO","2021-08-08"
"TR000456","CL00031","S003","EC19","M001","EXITOSO","2021-11-13"
"TR000457","CL00059","S002","EC05","M001","EXITOSO","2022-06-23"
"TR000458","CL00003","S002","EC11","M001","EXITOSO","2021-06-24"
"TR000459","CL00062","S002","EC18","M001","EXITOSO","2022-03-25"
"TR000460","CL00063","S003","EC14","M001","EXITOSO","2021-10-28"
"TR000461","CL00074","S003","EC16","M001","EXITOSO","2022-10-26"
"TR000462","CL00066","S001","EC16","M001","EXITOSO","2021-11-14"
"TR000463","CL00012","S004","EC23","M001","EXITOSO","2021-08-17"
"TR000464","CL00021","S003","EC09","M001","EXITOSO","2021-05-04"
"TR000465","CL00033","S001","EC22","M001","EXITOSO","2021-07-20"
"TR000466","CL00027","S004","EC24","M001","EXITOSO","2021-04-06"
"TR000467","CL00044","S003","EC19","M001","EXITOSO","2022-07-27"
"TR000468","CL00039","S001","EC04","M001","EXITOSO","2022-06-30"
"TR000469","CL00014","S002","EC08","M001","EXITOSO","2021-02-17"
"TR000470","CL00072","S002","EC02","M001","EXITOSO","2022-03-07"
"TR000471","CL00005","S002","EC01","M001","EXITOSO","2021-10-30"
"TR000472","CL00027","S002","EC18","M002","FALLIDO","2022-08-04"
"TR000473","CL00049","S004","EC24","M001","EXITOSO","2022-11-07"
"TR000474","CL00070","S003","EC08","M001","EXITOSO","2022-08-07"
"TR000475","CL00066","S003","EC16","M001","EXITOSO","2022-02-25"
"TR000476","CL00020","S003","EC14","M001","EXITOSO","2021-11-19"
"TR000477","CL00068","S004","EC10","M001","EXITOSO","2022-05-29"
"TR000478","CL00071","S001","EC22","M001","EXITOSO","2022-10-25"
"TR000479","CL00022","S004","EC09","M006","FALLIDO","2021-09-29"
"TR000480","CL00081","S003","EC01","M001","EXITOSO","2021-12-18"
"TR000481","CL00046","S003","EC02","M001","EXITOSO","2021-05-20"
"TR000482","CL00002","S002","EC10","M001","EXITOSO","2022-06-16"
"TR000483","CL00077","S001","EC12","M001","EXITOSO","2021-04-09"
"TR000484","CL00072","S003","EC11","M001","EXITOSO","2021-09-04"
"TR000485","CL00062","S002","EC15","M001","EXITOSO","2021-03-11"
"TR000486","CL00067","S003","EC24","M001","EXITOSO","2021-04-18"
"TR000487","CL00076","S004","EC04","M005","FALLIDO","2022-01-01"
"TR000488","CL00068","S003","EC04","M001","EXITOSO","2022-06-01"
"TR000489","CL00052","S004","EC12","M001","EXITOSO","2021-05-14"
"TR000490","CL00008","S002","EC23","M001","EXITOSO","2022-07-24"
"TR000491","CL00050","S002","EC01","M001","EXITOSO","2022-07-24"
"TR000492","CL00059","S002","EC10","M001","EXITOSO","2022-11-12"
"TR000493","CL00067","S001","EC07","M001","EXITOSO","2021-11-14"
"TR000494","CL00068","S004","EC20","M001","EXITOSO","2022-01-10"
"TR000495","CL00023","S004","EC01","M001","EXITOSO","2021-06-02"
"TR000496","CL00012","S002","EC09","M001","EXITOSO","2022-05-11"
"TR000497","CL00015","S004","EC17","M001","EXITOSO","2022-01-18"
"TR000498","CL00031","S004","EC08","M001","EXITOSO","2021-08-07"
"TR000499","CL00015","S003","EC05","M001","EXITOSO","2021-07-26"
"TR000500","CL00079","S004","EC19","M001","EXITOSO","2021-08-30"
"TR000501","CL00046","S003","EC03","M001","EXITOSO","2022-07-04"
"TR000502","CL00033","S001","EC18","M001","EXITOSO","2022-10-06"
"TR000503","CL00073","S001","EC23","M001","EXITOSO","2021-11-13"
"TR000504","CL00006","S002","EC07","M001","EXITOSO","2021-01-19"
"TR000505","CL00026","S002","EC07","M001","EXITOSO","2021-03-08"
"TR000506","CL00008","S002","EC12","M001","EXITOSO","2021-08-26"
"TR000507","CL00031","S002","EC23","M001","EXITOSO","2021-05-02"
"TR000508","CL00044","S004","EC07","M001","EXITOSO","2022-01-10"
"TR000509","CL00027","S002","EC23","M001","EXITOSO","2021-10-19"
"TR000510","CL00024","S004","EC17","M001","EXITOSO","2022-10-05"
"TR000511","CL00068","S002","EC14","M001","EXITOSO","2021-11-30"
"TR000512","CL00044","S001","EC18","M001","EXITOSO","2021-04-27"
"TR000513","CL00029","S002","EC24","M001","EXITOSO","2022-06-25"
"TR000514","CL00019","S004","EC18","M001","EXITOSO","2021-11-26"
"TR000515","CL00045","S004","EC15","M001","EXITOSO","2021-12-21"
"TR000516","CL00033","S004","EC18","M001","EXITOSO","2022-11-16"
"TR000517","CL00062","S001","EC19","M003","FALLIDO","2021-01-22"
"TR000518","CL00075","S004","EC02","M001","EXITOSO","2021-11-15"
"TR000519","CL00061","S003","EC23","M001","EXITOSO","2021-06-06"
"TR000520","CL00045","S003","EC01","M001","EXITOSO","2021-09-14"
"TR000521","CL00060","S001","EC20","M001","EXITOSO","2021-10-07"
"TR000522","CL00029","S001","EC10","M001","EXITOSO","2021-03-27"
"TR000523","CL00035","S004","EC23","M001","EXITOSO","2022-02-07"
"TR000524","CL00023","S004","EC17","M001","EXITOSO","2022-03-09"
"TR000525","CL00064","S001","EC08","M001","EXITOSO","2022-03-30"
"TR000526","CL00022","S003","EC06","M001","EXITOSO","2022-07-13"
"TR000527","CL00061","S002","EC07","M001","EXITOSO","2022-07-15"
"TR000528","CL00044","S003","EC11","M001","EXITOSO","2021-05-16"
"TR000529","CL00049","S004","EC18","M001","EXITOSO","2021-11-06"
"TR000530","CL00074","S001","EC04","M001","EXITOSO","2022-04-23"
"TR000531","CL00039","S003","EC02","M001","EXITOSO","2022-07-25"
"TR000532","CL00001","S002","EC08","M001","EXITOSO","2021-02-26"
"TR000533","CL00004","S004","EC13","M001","EXITOSO","2021-02-17"
"TR000534","CL00070","S002","EC04","M001","EXITOSO","2021-03-19"
"TR000535","CL00003","S001","EC20","M001","EXITOSO","2021-04-12"
"TR000536","CL00051","S003","EC19","M001","EXITOSO","2022-04-15"
"TR000537","CL00078","S003","EC24","M001","EXITOSO","2022-02-06"
"TR000538","CL00018","S001","EC18","M001","EXITOSO","2021-02-19"
"TR000539","CL00043","S004","EC11","M001","EXITOSO","2021-11-07"
"TR000540","CL00072","S004","EC13","M001","EXITOSO","2021-02-25"
"TR000541","CL00053","S002","EC19","M003","FALLIDO","2022-09-07"
"TR000542","CL00004","S003","EC12","M004","FALLIDO","2022-08-08"
"TR000543","CL00054","S004","EC05","M001","EXITOSO","2021-04-12"
"TR000544","CL00032","S003","EC07","M001","EXITOSO","2022-10-09"
"TR000545","CL00011","S001","EC05","M001","EXITOSO","2022-06-12"
"TR000546","CL00060","S004","EC11","M001","EXITOSO","2022-07-25"
"TR000547","CL00016","S004","EC15","M001","EXITOSO","2022-11-27"
"TR000548","CL00011","S003","EC21","M001","EXITOSO","2021-08-09"
"TR000549","CL00008","S001","EC06","M001","EXITOSO","2021-01-31"
"TR000550","CL00069","S001","EC04","M001","EXITOSO","2021-08-30"
"TR000551","CL00003","S002","EC10","M001","EXITOSO","2021-06-14"
"TR000552","CL00054","S004","EC05","M001","EXITOSO","2021-04-15"
"TR000553","CL00005","S001","EC14","M001","EXITOSO","2021-01-05"
"TR000554","CL00070","S001","EC01","M001","EXITOSO","2021-05-21"
"TR000555","CL00032","S004","EC05","M001","EXITOSO","2021-02-12"
"TR000556","CL00038","S002","EC05","M001","EXITOSO","2021-03-03"
"TR000557","CL00078","S001","EC22","M001","EXITOSO","2021-03-19"
"TR000558","CL00050","S004","EC01","M001","EXITOSO","2021-05-05"
"TR000559","CL00034","S004","EC12","M001","EXITOSO","2022-05-03"
"TR000560","CL00055","S004","EC08","M001","EXITOSO","2021-01-17"
"TR000561","CL00046","S004","EC17","M001","EXITOSO","2021-08-12"
"TR000562","CL00019","S001","EC17","M001","EXITOSO","2021-08-14"
"TR000563","CL00023","S004","EC04","M001","EXITOSO","2022-05-09"
"TR000564","CL00014","S003","EC08","M001","EXITOSO","2022-02-16"
"TR000565","CL00049","S004","EC06","M001","EXITOSO","2021-12-23"
"TR000566","CL00002","S001","EC05","M005","FALLIDO","2022-02-22"
"TR000567","CL00075","S001","EC18","M001","EXITOSO","2022-01-11"
"TR000568","CL00049","S004","EC10","M001","EXITOSO","2021-06-07"
"TR000569","CL00057","S002","EC04","M001","EXITOSO","2022-11-09"
"TR000570","CL00079","S004","EC08","M001","EXITOSO","2022-02-25"
"TR000571","CL00040","S003","EC04","M001","EXITOSO","2021-12-14"
"TR000572","CL00004","S001","EC19","M001","EXITOSO","2021-10-05"
"TR000573","CL00059","S004","EC11","M001","EXITOSO","2021-02-15"
"TR000574","CL00063","S004","EC20","M001","EXITOSO","2022-08-29"
"TR000575","CL00019","S002","EC01","M001","EXITOSO","2021-07-28"
"TR000576","CL00005","S003","EC21","M001","EXITOSO","2021-12-14"
"TR000577","CL00012","S002","EC10","M001","EXITOSO","2021-11-03"
"TR000578","CL00019","S002","EC02","M001","EXITOSO","2021-01-18"
"TR000579","CL00026","S004","EC12","M001","EXITOSO","2021-11-11"
"TR000580","CL00066","S001","EC05","M001","EXITOSO","2021-12-15"
"TR000581","CL00007","S003","EC16","M001","EXITOSO","2021-07-04"
"TR000582","CL00048","S002","EC16","M001","EXITOSO","2022-10-27"
"TR000583","CL00025","S002","EC18","M001","EXITOSO","2021-03-07"
"TR000584","CL00007","S003","EC05","M001","EXITOSO","2022-09-19"
"TR000585","CL00042","S003","EC01","M001","EXITOSO","2022-03-10"
"TR000586","CL00068","S001","EC17","M001","EXITOSO","2022-03-03"
"TR000587","CL00045","S002","EC08","M001","EXITOSO","2022-02-04"
"TR000588","CL00041","S001","EC19","M001","EXITOSO","2021-07-02"
"TR000589","CL00002","S003","EC04","M001","EXITOSO","2022-09-24"
"TR000590","CL00020","S002","EC14","M001","EXITOSO","2021-12-17"
"TR000591","CL00033","S004","EC07","M004","FALLIDO","2021-12-28"
"TR000592","CL00019","S004","EC05","M001","EXITOSO","2022-04-09"
"TR000593","CL00066","S002","EC02","M001","EXITOSO","2021-08-03"
"TR000594","CL00040","S001","EC21","M001","EXITOSO","2021-01-01"
"TR000595","CL00005","S001","EC10","M001","EXITOSO","2022-06-18"
"TR000596","CL00011","S001","EC06","M001","EXITOSO","2022-04-08"
"TR000597","CL00068","S004","EC08","M001","EXITOSO","2022-03-05"
"TR000598","CL00054","S003","EC06","M001","EXITOSO","2021-07-20"
"TR000599","CL00005","S004","EC12","M001","EXITOSO","2021-10-10"
"TR000600","CL00079","S004","EC16","M001","EXITOSO","2021-11-02"
"TR000601","CL00061","S003","EC09","M004","FALLIDO","2021-01-04"
"TR000602","CL00073","S002","EC16","M001","EXITOSO","2021-12-06"
"TR000603","CL00063","S004","EC19","M001","EXITOSO","2021-03-21"
"TR000604","CL00076","S004","EC16","M001","EXITOSO","2021-10-02"
"TR000605","CL00054","S001","EC03","M001","EXITOSO","2021-01-29"
"TR000606","CL00010","S001","EC07","M001","EXITOSO","2021-02-15"
"TR000607","CL00081","S002","EC02","M001","EXITOSO","2021-11-15"
"TR000608","CL00045","S003","EC22","M001","EXITOSO","2021-12-12"
"TR000609","CL00008","S004","EC18","M001","EXITOSO","2022-03-10"
"TR000610","CL00068","S003","EC08","M001","EXITOSO","2021-09-19"
"TR000611","CL00058","S002","EC04","M001","EXITOSO","2022-10-31"
"TR000612","CL00007","S002","EC17","M001","EXITOSO","2021-07-04"
"TR000613","CL00053","S003","EC02","M001","EXITOSO","2022-09-14"
"TR000614","CL00076","S002","EC04","M001","EXITOSO","2022-08-13"
"TR000615","CL00078","S004","EC03","M001","EXITOSO","2021-04-06"
"TR000616","CL00056","S001","EC03","M005","FALLIDO","2021-04-24"
"TR000617","CL00027","S004","EC05","M001","EXITOSO","2021-03-30"
"TR000618","CL00035","S003","EC06","M002","FALLIDO","2021-05-23"
"TR000619","CL00005","S001","EC05","M001","EXITOSO","2021-12-30"
"TR000620","CL00080","S003","EC18","M001","EXITOSO","2022-10-11"
"TR000621","CL00064","S001","EC17","M001","EXITOSO","2021-01-06"
"TR000622","CL00044","S004","EC01","M001","EXITOSO","2021-09-26"
"TR000623","CL00023","S001","EC15","M001","EXITOSO","2021-03-04"
"TR000624","CL00029","S001","EC17","M001","EXITOSO","2021-06-20"
"TR000625","CL00034","S002","EC02","M001","EXITOSO","2021-12-07"
"TR000626","CL00017","S003","EC13","M001","EXITOSO","2021-06-18"
"TR000627","CL00040","S002","EC08","M001","EXITOSO","2021-05-29"
"TR000628","CL00018","S004","EC17","M001","EXITOSO","2021-12-01"
"TR000629","CL00004","S002","EC03","M001","EXITOSO","2022-02-08"
"TR000630","CL00076","S004","EC07","M001","EXITOSO","2022-07-29"
"TR000631","CL00017","S004","EC20","M001","EXITOSO","2021-10-24"
"TR000632","CL00032","S004","EC17","M001","EXITOSO","2021-10-30"
"TR000633","CL00068","S004","EC18","M001","EXITOSO","2021-08-26"
"TR000634","CL00005","S003","EC20","M001","EXITOSO","2022-10-18"
"TR000635","CL00044","S003","EC03","M001","EXITOSO","2022-02-17"
"TR000636","CL00065","S002","EC12","M001","EXITOSO","2022-02-28"
"TR000637","CL00004","S002","EC04","M001","EXITOSO","2022-06-12"
"TR000638","CL00060","S003","EC23","M001","EXITOSO","2021-07-31"
"TR000639","CL00004","S002","EC13","M001","EXITOSO","2022-01-10"
"TR000640","CL00019","S002","EC19","M001","EXITOSO","2022-01-27"
"TR000641","CL00038","S002","EC24","M001","EXITOSO","2022-03-30"
"TR000642","CL00046","S002","EC20","M001","EXITOSO","2022-03-23"
"TR000643","CL00077","S002","EC03","M001","EXITOSO","2022-09-17"
"TR000644","CL00049","S004","EC05","M001","EXITOSO","2022-08-05"
"TR000645","CL00032","S003","EC14","M001","EXITOSO","2021-09-12"
"TR000646","CL00027","S002","EC05","M001","EXITOSO","2021-03-31"
"TR000647","CL00062","S002","EC17","M001","EXITOSO","2022-08-20"
"TR000648","CL00073","S002","EC24","M001","EXITOSO","2022-09-06"
"TR000649","CL00070","S004","EC21","M001","EXITOSO","2021-09-19"
"TR000650","CL00025","S004","EC16","M002","FALLIDO","2022-07-30"
"TR000651","CL00082","S001","EC20","M001","EXITOSO","2021-04-02"
"TR000652","CL00054","S002","EC03","M001","EXITOSO","2022-01-16"
"TR000653","CL00032","S004","EC01","M001","EXITOSO","2021-09-04"
"TR000654","CL00021","S002","EC16","M001","EXITOSO","2021-10-27"
"TR000655","CL00009","S004","EC12","M001","EXITOSO","2022-10-12"
"TR000656","CL00059","S001","EC12","M001","EXITOSO","2021-10-24"
"TR000657","CL00081","S001","EC23","M001","EXITOSO","2021-08-08"
"TR000658","CL00057","S004","EC22","M004","FALLIDO","2021-07-30"
"TR000659","CL00074","S003","EC14","M001","EXITOSO","2022-01-30"
"TR000660","CL00074","S003","EC15","M001","EXITOSO","2022-09-25"
"TR000661","CL00029","S004","EC10","M001","EXITOSO","2022-03-19"
"TR000662","CL00024","S003","EC10","M001","EXITOSO","2021-10-27"
"TR000663","CL00033","S002","EC17","M001","EXITOSO","2022-05-28"
"TR000664","CL00048","S004","EC03","M001","EXITOSO","2022-06-26"
"TR000665","CL00036","S001","EC21","M001","EXITOSO","2022-09-12"
"TR000666","CL00076","S003","EC23","M001","EXITOSO","2022-07-28"
"TR000667","CL00024","S004","EC04","M001","EXITOSO","2021-07-05"
"TR000668","CL00071","S002","EC01","M001","EXITOSO","2022-07-18"
"TR000669","CL00035","S002","EC10","M001","EXITOSO","2021-10-18"
"TR000670","CL00075","S001","EC10","M001","EXITOSO","2021-02-02"
"TR000671","CL00017","S004","EC01","M001","EXITOSO","2022-08-06"
"TR000672","CL00002","S002","EC15","M001","EXITOSO","2021-07-27"
"TR000673","CL00055","S002","EC21","M004","FALLIDO","2022-02-10"
"TR000674","CL00069","S002","EC04","M001","EXITOSO","2022-04-07"
"TR000675","CL00007","S001","EC13","M001","EXITOSO","2022-04-09"
"TR000676","CL00051","S004","EC17","M001","EXITOSO","2021-07-31"
"TR000677","CL00048","S002","EC14","M001","EXITOSO","2021-01-25"
"TR000678","CL00063","S003","EC17","M001","EXITOSO","2022-07-06"
"TR000679","CL00022","S001","EC11","M001","EXITOSO","2022-06-04"
"TR000680","CL00060","S004","EC23","M001","EXITOSO","2022-11-28"
"TR000681","CL00082","S001","EC09","M001","EXITOSO","2022-04-24"
"TR000682","CL00054","S002","EC02","M001","EXITOSO","2022-10-15"
"TR000683","CL00058","S001","EC08","M001","EXITOSO","2022-11-09"
"TR000684","CL00012","S002","EC03","M001","EXITOSO","2021-03-01"
"TR000685","CL00081","S004","EC04","M002","FALLIDO","2022-05-23"
"TR000686","CL00065","S003","EC17","M001","EXITOSO","2022-05-12"
"TR000687","CL00072","S002","EC03","M001","EXITOSO","2021-01-13"
"TR000688","CL00004","S004","EC09","M001","EXITOSO","2022-06-02"
"TR000689","CL00037","S002","EC23","M001","EXITOSO","2021-10-08"
"TR000690","CL00046","S001","EC10","M001","EXITOSO","2021-04-27"
"TR000691","CL00038","S003","EC18","M001","EXITOSO","2022-01-09"
"TR000692","CL00006","S003","EC24","M001","EXITOSO","2021-05-01"
"TR000693","CL00079","S003","EC04","M001","EXITOSO","2021-05-16"
"TR000694","CL00028","S002","EC14","M006","FALLIDO","2021-03-26"
"TR000695","CL00017","S004","EC21","M001","EXITOSO","2022-05-05"
"TR000696","CL00064","S001","EC15","M001","EXITOSO","2022-04-24"
"TR000697","CL00020","S003","EC06","M001","EXITOSO","2021-08-14"
"TR000698","CL00051","S003","EC05","M001","EXITOSO","2021-09-20"
"TR000699","CL00041","S002","EC21","M005","FALLIDO","2022-03-30"
"TR000700","CL00022","S004","EC14","M004","FALLIDO","2022-09-02"
"TR000701","CL00055","S004","EC20","M001","EXITOSO","2022-01-06"
"TR000702","CL00020","S002","EC03","M001","EXITOSO","2021-01-11"
"TR000703","CL00069","S003","EC07","M001","EXITOSO","2022-11-18"
"TR000704","CL00076","S003","EC18","M001","EXITOSO","2021-01-03"
"TR000705","CL00024","S004","EC12","M001","EXITOSO","2021-06-17"
"TR000706","CL00020","S003","EC21","M001","EXITOSO","2021-12-13"
"TR000707","CL00040","S002","EC13","M001","EXITOSO","2021-04-10"
"TR000708","CL00022","S001","EC20","M001","EXITOSO","2021-08-16"
"TR000709","CL00074","S004","EC15","M001","EXITOSO","2021-04-17"
"TR000710","CL00015","S004","EC10","M002","FALLIDO","2022-02-23"
"TR000711","CL00036","S003","EC03","M001","EXITOSO","2022-06-10"
"TR000712","CL00081","S003","EC08","M001","EXITOSO","2021-02-13"
"TR000713","CL00043","S002","EC23","M001","EXITOSO","2021-04-28"
"TR000714","CL00074","S002","EC19","M001","EXITOSO","2021-11-12"
"TR000715","CL00012","S002","EC04","M001","EXITOSO","2021-09-08"
"TR000716","CL00043","S004","EC02","M001","EXITOSO","2022-09-27"
"TR000717","CL00081","S001","EC07","M001","EXITOSO","2022-11-09"
"TR000718","CL00054","S001","EC05","M001","EXITOSO","2021-02-14"
"TR000719","CL00038","S003","EC13","M004","FALLIDO","2022-02-21"
"TR000720","CL00076","S001","EC08","M003","FALLIDO","2021-12-11"
"TR000721","CL00069","S001","EC24","M001","EXITOSO","2021-06-08"
"TR000722","CL00043","S004","EC10","M001","EXITOSO","2021-04-29"
"TR000723","CL00001","S002","EC02","M001","EXITOSO","2021-05-31"
"TR000724","CL00065","S001","EC10","M001","EXITOSO","2021-07-19"
"TR000725","CL00078","S002","EC01","M001","EXITOSO","2021-04-01"
"TR000726","CL00046","S002","EC05","M001","EXITOSO","2021-03-13"
"TR000727","CL00076","S002","EC13","M001","EXITOSO","2021-12-09"
"TR000728","CL00002","S003","EC03","M001","EXITOSO","2022-11-25"
"TR000729","CL00043","S002","EC17","M005","FALLIDO","2022-09-04"
"TR000730","CL00023","S002","EC06","M001","EXITOSO","2022-05-28"
"TR000731","CL00056","S001","EC17","M001","EXITOSO","2022-04-07"
"TR000732","CL00026","S003","EC10","M001","EXITOSO","2022-03-03"
"TR000733","CL00022","S002","EC09","M001","EXITOSO","2021-01-07"
"TR000734","CL00030","S003","EC10","M001","EXITOSO","2021-06-06"
"TR000735","CL00044","S001","EC20","M001","EXITOSO","2021-05-10"
"TR000736","CL00057","S004","EC10","M001","EXITOSO","2022-03-09"
"TR000737","CL00024","S001","EC14","M001","EXITOSO","2022-03-17"
"TR000738","CL00009","S003","EC06","M001","EXITOSO","2021-03-19"
"TR000739","CL00009","S003","EC19","M001","EXITOSO","2021-05-13"
"TR000740","CL00025","S001","EC13","M001","EXITOSO","2022-02-18"
"TR000741","CL00047","S003","EC20","M001","EXITOSO","2022-11-05"
"TR000742","CL00022","S001","EC24","M001","EXITOSO","2022-05-18"
"TR000743","CL00062","S002","EC24","M001","EXITOSO","2022-10-27"
"TR000744","CL00033","S003","EC07","M001","EXITOSO","2022-09-11"
"TR000745","CL00002","S001","EC20","M001","EXITOSO","2022-02-19"
"TR000746","CL00024","S002","EC24","M001","EXITOSO","2022-08-23"
"TR000747","CL00031","S003","EC04","M001","EXITOSO","2021-05-13"
"TR000748","CL00038","S003","EC01","M001","EXITOSO","2021-01-27"
"TR000749","CL00033","S003","EC06","M001","EXITOSO","2021-12-04"
"TR000750","CL00005","S001","EC14","M001","EXITOSO","2022-06-25"
"TR000751","CL00001","S003","EC17","M001","EXITOSO","2021-11-29"
"TR000752","CL00038","S004","EC03","M001","EXITOSO","2022-02-16"
"TR000753","CL00051","S001","EC05","M001","EXITOSO","2021-10-07"
"TR000754","CL00021","S004","EC13","M001","EXITOSO","2022-08-04"
"TR000755","CL00043","S003","EC19","M001","EXITOSO","2021-07-15"
"TR000756","CL00039","S002","EC14","M001","EXITOSO","2022-02-06"
"TR000757","CL00007","S002","EC23","M001","EXITOSO","2022-08-06"
"TR000758","CL00065","S001","EC02","M002","FALLIDO","2021-04-16"
"TR000759","CL00045","S003","EC12","M005","FALLIDO","2021-12-08"
"TR000760","CL00078","S001","EC16","M001","EXITOSO","2021-07-24"
"TR000761","CL00038","S001","EC24","M004","FALLIDO","2022-08-30"
"TR000762","CL00030","S001","EC24","M001","EXITOSO","2022-07-04"
"TR000763","CL00043","S003","EC14","M002","FALLIDO","2022-10-09"
"TR000764","CL00020","S002","EC07","M001","EXITOSO","2022-08-22"
"TR000765","CL00049","S001","EC07","M001","EXITOSO","2021-11-07"
"TR000766","CL00063","S003","EC10","M001","EXITOSO","2021-11-18"
"TR000767","CL00066","S004","EC09","M001","EXITOSO","2022-06-30"
"TR000768","CL00006","S002","EC01","M001","EXITOSO","2022-06-12"
"TR000769","CL00026","S001","EC13","M001","EXITOSO","2021-06-04"
"TR000770","CL00024","S002","EC02","M001","EXITOSO","2022-11-06"
"TR000771","CL00025","S001","EC09","M003","FALLIDO","2021-07-02"
"TR000772","CL00071","S001","EC23","M001","EXITOSO","2022-09-24"
"TR000773","CL00069","S003","EC11","M001","EXITOSO","2022-06-10"
"TR000774","CL00047","S004","EC17","M001","EXITOSO","2022-01-11"
"TR000775","CL00074","S001","EC18","M001","EXITOSO","2021-12-21"
"TR000776","CL00048","S003","EC22","M001","EXITOSO","2021-11-04"
"TR000777","CL00079","S004","EC13","M001","EXITOSO","2022-05-24"
"TR000778","CL00075","S003","EC10","M001","EXITOSO","2022-10-20"
"TR000779","CL00002","S002","EC01","M001","EXITOSO","2022-01-24"
"TR000780","CL00075","S001","EC24","M001","EXITOSO","2022-07-09"
"TR000781","CL00019","S001","EC22","M002","FALLIDO","2022-09-12"
"TR000782","CL00052","S004","EC22","M001","EXITOSO","2022-01-01"
"TR000783","CL00002","S003","EC06","M001","EXITOSO","2021-07-23"
"TR000784","CL00052","S003","EC05","M001","EXITOSO","2021-04-17"
"TR000785","CL00008","S001","EC16","M001","EXITOSO","2021-03-15"
"TR000786","CL00005","S003","EC17","M001","EXITOSO","2022-10-22"
"TR000787","CL00068","S004","EC18","M001","EXITOSO","2022-02-12"
"TR000788","CL00008","S001","EC03","M001","EXITOSO","2022-06-23"
"TR000789","CL00002","S004","EC03","M005","FALLIDO","2021-06-28"
"TR000790","CL00057","S004","EC24","M001","EXITOSO","2021-03-07"
"TR000791","CL00028","S003","EC10","M002","FALLIDO","2021-07-18"
"TR000792","CL00040","S004","EC03","M001","EXITOSO","2021-04-21"
"TR000793","CL00008","S002","EC01","M002","FALLIDO","2021-08-29"
"TR000794","CL00037","S001","EC10","M001","EXITOSO","2021-08-29"
"TR000795","CL00004","S002","EC24","M001","EXITOSO","2022-06-28"
"TR000796","CL00053","S001","EC22","M006","FALLIDO","2021-08-18"
"TR000797","CL00057","S002","EC03","M001","EXITOSO","2022-03-17"
"TR000798","CL00066","S002","EC17","M001","EXITOSO","2022-05-11"
"TR000799","CL00024","S003","EC02","M001","EXITOSO","2022-03-19"
"TR000800","CL00022","S003","EC24","M001","EXITOSO","2022-05-10"
"TR000801","CL00018","S001","EC21","M001","EXITOSO","2022-10-28"
"TR000802","CL00065","S002","EC21","M001","EXITOSO","2022-05-17"
"TR000803","CL00038","S004","EC07","M001","EXITOSO","2021-08-18"
"TR000804","CL00058","S004","EC02","M001","EXITOSO","2022-03-01"
"TR000805","CL00005","S002","EC21","M001","EXITOSO","2022-09-23"
"TR000806","CL00015","S002","EC23","M001","EXITOSO","2021-10-25"
"TR000807","CL00061","S003","EC22","M001","EXITOSO","2022-08-08"
"TR000808","CL00066","S001","EC03","M001","EXITOSO","2021-09-27"
"TR000809","CL00007","S001","EC20","M001","EXITOSO","2021-06-30"
"TR000810","CL00039","S004","EC22","M001","EXITOSO","2022-03-14"
"TR000811","CL00068","S004","EC20","M001","EXITOSO","2022-04-07"
"TR000812","CL00026","S002","EC13","M001","EXITOSO","2022-06-27"
"TR000813","CL00003","S004","EC01","M006","FALLIDO","2021-05-30"
"TR000814","CL00034","S002","EC02","M001","EXITOSO","2021-01-27"
"TR000815","CL00014","S002","EC15","M001","EXITOSO","2022-09-01"
"TR000816","CL00067","S001","EC10","M001","EXITOSO","2021-01-15"
"TR000817","CL00061","S002","EC20","M001","EXITOSO","2022-06-04"
"TR000818","CL00002","S004","EC18","M001","EXITOSO","2021-01-03"
"TR000819","CL00082","S004","EC24","M001","EXITOSO","2022-05-13"
"TR000820","CL00078","S001","EC18","M001","EXITOSO","2022-09-21"
"TR000821","CL00043","S004","EC18","M001","EXITOSO","2021-12-11"
"TR000822","CL00076","S004","EC02","M001","EXITOSO","2021-05-31"
"TR000823","CL00073","S001","EC17","M001","EXITOSO","2021-12-12"
"TR000824","CL00052","S003","EC03","M003","FALLIDO","2021-01-24"
"TR000825","CL00051","S003","EC21","M001","EXITOSO","2021-06-25"
"TR000826","CL00019","S003","EC22","M001","EXITOSO","2021-08-19"
"TR000827","CL00042","S004","EC15","M001","EXITOSO","2022-05-23"
"TR000828","CL00073","S001","EC02","M001","EXITOSO","2021-05-23"
"TR000829","CL00063","S001","EC20","M001","EXITOSO","2022-09-24"
"TR000830","CL00060","S003","EC24","M001","EXITOSO","2022-05-11"
"TR000831","CL00053","S002","EC02","M001","EXITOSO","2021-04-20"
"TR000832","CL00075","S004","EC23","M001","EXITOSO","2021-11-10"
"TR000833","CL00046","S004","EC11","M001","EXITOSO","2021-09-25"
"TR000834","CL00080","S004","EC08","M001","EXITOSO","2022-03-15"
"TR000835","CL00071","S002","EC21","M001","EXITOSO","2022-10-09"
"TR000836","CL00050","S003","EC22","M001","EXITOSO","2022-08-15"
"TR000837","CL00013","S001","EC09","M001","EXITOSO","2022-06-12"
"TR000838","CL00032","S004","EC08","M001","EXITOSO","2022-06-26"
"TR000839","CL00040","S003","EC02","M001","EXITOSO","2021-06-08"
"TR000840","CL00055","S001","EC05","M001","EXITOSO","2022-01-13"
"TR000841","CL00011","S003","EC11","M001","EXITOSO","2022-10-03"
"TR000842","CL00032","S003","EC19","M001","EXITOSO","2022-06-11"
"TR000843","CL00014","S004","EC05","M001","EXITOSO","2022-04-19"
"TR000844","CL00010","S001","EC21","M001","EXITOSO","2021-03-07"
"TR000845","CL00049","S002","EC08","M001","EXITOSO","2022-05-19"
"TR000846","CL00046","S004","EC14","M001","EXITOSO","2021-06-13"
"TR000847","CL00001","S002","EC11","M001","EXITOSO","2021-10-20"
"TR000848","CL00082","S002","EC03","M001","EXITOSO","2022-08-07"
"TR000849","CL00065","S004","EC09","M001","EXITOSO","2022-10-13"
"TR000850","CL00065","S003","EC23","M001","EXITOSO","2022-11-12"
"TR000851","CL00081","S003","EC03","M001","EXITOSO","2021-06-30"
"TR000852","CL00078","S001","EC15","M001","EXITOSO","2021-12-26"
"TR000853","CL00010","S004","EC07","M001","EXITOSO","2021-09-21"
"TR000854","CL00070","S001","EC21","M001","EXITOSO","2021-01-29"
"TR000855","CL00013","S002","EC03","M001","EXITOSO","2022-09-04"
"TR000856","CL00029","S004","EC13","M002","FALLIDO","2022-04-02"
"TR000857","CL00043","S001","EC12","M001","EXITOSO","2022-11-07"
"TR000858","CL00001","S004","EC20","M001","EXITOSO","2022-03-26"
"TR000859","CL00009","S002","EC06","M004","FALLIDO","2022-09-26"
"TR000860","CL00080","S002","EC10","M001","EXITOSO","2021-06-23"
"TR000861","CL00026","S004","EC05","M001","EXITOSO","2021-02-08"
"TR000862","CL00070","S004","EC13","M001","EXITOSO","2021-05-19"
"TR000863","CL00079","S003","EC11","M001","EXITOSO","2022-08-19"
"TR000864","CL00024","S003","EC07","M006","FALLIDO","2021-08-25"
"TR000865","CL00002","S001","EC20","M001","EXITOSO","2022-05-26"
"TR000866","CL00022","S001","EC24","M001","EXITOSO","2022-04-26"
"TR000867","CL00039","S001","EC02","M001","EXITOSO","2022-10-20"
"TR000868","CL00060","S001","EC14","M001","EXITOSO","2021-11-05"
"TR000869","CL00044","S001","EC11","M001","EXITOSO","2022-08-21"
"TR000870","CL00064","S003","EC05","M001","EXITOSO","2021-12-22"
"TR000871","CL00033","S003","EC06","M001","EXITOSO","2022-05-28"
"TR000872","CL00079","S004","EC12","M001","EXITOSO","2021-12-08"
"TR000873","CL00039","S004","EC15","M001","EXITOSO","2022-02-07"
"TR000874","CL00054","S004","EC19","M001","EXITOSO","2021-06-13"
"TR000875","CL00036","S002","EC08","M001","EXITOSO","2022-09-19"
"TR000876","CL00026","S004","EC08","M001","EXITOSO","2021-12-03"
"TR000877","CL00075","S002","EC24","M001","EXITOSO","2022-08-24"
"TR000878","CL00069","S002","EC12","M001","EXITOSO","2021-06-02"
"TR000879","CL00070","S001","EC10","M001","EXITOSO","2022-11-21"
"TR000880","CL00002","S001","EC04","M001","EXITOSO","2022-10-26"
"TR000881","CL00037","S003","EC23","M001","EXITOSO","2021-11-27"
"TR000882","CL00009","S002","EC19","M001","EXITOSO","2021-03-26"
"TR000883","CL00031","S001","EC02","M005","FALLIDO","2022-06-14"
"TR000884","CL00061","S001","EC01","M001","EXITOSO","2021-03-25"
"TR000885","CL00031","S004","EC06","M001","EXITOSO","2022-05-25"
"TR000886","CL00073","S001","EC22","M001","EXITOSO","2021-05-25"
"TR000887","CL00036","S001","EC22","M001","EXITOSO","2021-05-05"
"TR000888","CL00054","S003","EC16","M001","EXITOSO","2021-11-13"
"TR000889","CL00032","S002","EC09","M001","EXITOSO","2022-10-08"
"TR000890","CL00058","S003","EC15","M001","EXITOSO","2022-09-03"
"TR000891","CL00036","S003","EC10","M003","FALLIDO","2022-04-06"
"TR000892","CL00048","S002","EC16","M001","EXITOSO","2022-10-21"
"TR000893","CL00052","S001","EC21","M004","FALLIDO","2021-12-19"
"TR000894","CL00040","S002","EC10","M001","EXITOSO","2021-04-17"
"TR000895","CL00030","S004","EC12","M001","EXITOSO","2021-01-06"
"TR000896","CL00032","S002","EC09","M001","EXITOSO","2022-02-24"
"TR000897","CL00011","S002","EC17","M001","EXITOSO","2021-01-05"
"TR000898","CL00019","S002","EC18","M001","EXITOSO","2022-03-22"
"TR000899","CL00051","S001","EC04","M001","EXITOSO","2021-03-20"
"TR000900","CL00058","S001","EC19","M001","EXITOSO","2021-05-22"
"TR000901","CL00031","S003","EC11","M001","EXITOSO","2022-02-24"
"TR000902","CL00059","S001","EC02","M001","EXITOSO","2022-03-16"
"TR000903","CL00040","S003","EC18","M001","EXITOSO","2022-04-25"
"TR000904","CL00022","S004","EC02","M001","EXITOSO","2021-06-28"
"TR000905","CL00008","S002","EC18","M001","EXITOSO","2021-02-07"
"TR000906","CL00016","S003","EC02","M001","EXITOSO","2021-09-04"
"TR000907","CL00070","S003","EC11","M001","EXITOSO","2021-10-29"
"TR000908","CL00006","S001","EC17","M001","EXITOSO","2021-09-08"
"TR000909","CL00045","S004","EC04","M001","EXITOSO","2021-05-13"
"TR000910","CL00042","S001","EC02","M001","EXITOSO","2021-04-04"
"TR000911","CL00029","S003","EC24","M001","EXITOSO","2022-10-08"
"TR000912","CL00026","S002","EC02","M001","EXITOSO","2022-04-11"
"TR000913","CL00080","S001","EC14","M001","EXITOSO","2022-02-20"
"TR000914","CL00016","S002","EC17","M001","EXITOSO","2022-02-08"
"TR000915","CL00029","S001","EC01","M001","EXITOSO","2021-12-19"
"TR000916","CL00040","S002","EC05","M001","EXITOSO","2021-06-10"
"TR000917","CL00040","S004","EC01","M001","EXITOSO","2021-12-14"
"TR000918","CL00033","S001","EC08","M002","FALLIDO","2022-02-13"
"TR000919","CL00003","S004","EC02","M001","EXITOSO","2021-09-21"
"TR000920","CL00082","S001","EC18","M001","EXITOSO","2022-11-19"
"TR000921","CL00060","S003","EC22","M001","EXITOSO","2021-10-30"
"TR000922","CL00078","S003","EC11","M001","EXITOSO","2022-04-27"
"TR000923","CL00018","S003","EC07","M001","EXITOSO","2021-07-22"
"TR000924","CL00072","S003","EC06","M001","EXITOSO","2022-07-11"
"TR000925","CL00019","S003","EC17","M001","EXITOSO","2021-06-03"
"TR000926","CL00063","S003","EC09","M001","EXITOSO","2022-06-27"
"TR000927","CL00046","S004","EC16","M001","EXITOSO","2021-02-10"
"TR000928","CL00036","S001","EC13","M001","EXITOSO","2021-01-07"
"TR000929","CL00001","S001","EC16","M001","EXITOSO","2022-04-25"
"TR000930","CL00046","S003","EC15","M001","EXITOSO","2022-07-17"
"TR000931","CL00068","S004","EC21","M001","EXITOSO","2021-05-29"
"TR000932","CL00019","S001","EC16","M001","EXITOSO","2021-10-22"
"TR000933","CL00071","S004","EC05","M001","EXITOSO","2021-08-23"
"TR000934","CL00002","S002","EC14","M001","EXITOSO","2022-07-27"
"TR000935","CL00062","S001","EC02","M006","FALLIDO","2021-06-17"
"TR000936","CL00070","S004","EC13","M001","EXITOSO","2021-11-27"
"TR000937","CL00024","S003","EC24","M001","EXITOSO","2021-02-20"
"TR000938","CL00081","S004","EC16","M001","EXITOSO","2022-09-26"
"TR000939","CL00020","S004","EC15","M002","FALLIDO","2021-07-31"
"TR000940","CL00055","S001","EC03","M001","EXITOSO","2022-10-04"
"TR000941","CL00061","S002","EC19","M002","FALLIDO","2021-07-23"
"TR000942","CL00039","S004","EC20","M005","FALLIDO","2021-11-18"
"TR000943","CL00077","S004","EC07","M001","EXITOSO","2021-11-21"
"TR000944","CL00030","S003","EC05","M001","EXITOSO","2021-04-09"
"TR000945","CL00062","S003","EC15","M001","EXITOSO","2021-08-21"
"TR000946","CL00074","S002","EC12","M001","EXITOSO","2022-07-16"
"TR000947","CL00071","S001","EC09","M001","EXITOSO","2021-06-28"
"TR000948","CL00057","S004","EC12","M001","EXITOSO","2021-09-10"
"TR000949","CL00013","S001","EC09","M001","EXITOSO","2021-03-05"
"TR000950","CL00005","S002","EC21","M001","EXITOSO","2022-04-15"
"TR000951","CL00080","S003","EC23","M001","EXITOSO","2021-08-20"
"TR000952","CL00008","S002","EC23","M001","EXITOSO","2021-08-24"
"TR000953","CL00049","S004","EC05","M004","FALLIDO","2022-05-24"
"TR000954","CL00056","S001","EC20","M001","EXITOSO","2021-07-26"
"TR000955","CL00076","S004","EC01","M001","EXITOSO","2022-09-06"
"TR000956","CL00022","S001","EC10","M001","EXITOSO","2021-03-01"
"TR000957","CL00076","S003","EC13","M001","EXITOSO","2021-01-28"
"TR000958","CL00081","S001","EC05","M001","EXITOSO","2021-11-09"
"TR000959","CL00038","S001","EC24","M001","EXITOSO","2022-01-13"
"TR000960","CL00078","S001","EC22","M001","EXITOSO","2022-09-15"
"TR000961","CL00046","S001","EC14","M001","EXITOSO","2022-04-30"
"TR000962","CL00026","S004","EC06","M001","EXITOSO","2022-04-13"
"TR000963","CL00052","S002","EC14","M001","EXITOSO","2021-10-17"
"TR000964","CL00040","S002","EC08","M001","EXITOSO","2021-04-23"
"TR000965","CL00026","S003","EC13","M002","FALLIDO","2021-11-15"
"TR000966","CL00055","S001","EC01","M001","EXITOSO","2022-11-02"
"TR000967","CL00072","S001","EC11","M001","EXITOSO","2022-10-31"
"TR000968","CL00008","S002","EC03","M001","EXITOSO","2022-07-17"
"TR000969","CL00034","S001","EC05","M001","EXITOSO","2022-03-19"
"TR000970","CL00059","S002","EC17","M001","EXITOSO","2022-09-03"
"TR000971","CL00050","S003","EC12","M001","EXITOSO","2021-07-08"
"TR000972","CL00013","S004","EC14","M001","EXITOSO","2022-07-22"
"TR000973","CL00025","S004","EC21","M001","EXITOSO","2021-10-02"
"TR000974","CL00018","S003","EC15","M001","EXITOSO","2021-03-04"
"TR000975","CL00068","S001","EC04","M001","EXITOSO","2022-08-27"
"TR000976","CL00038","S001","EC14","M001","EXITOSO","2021-01-16"
"TR000977","CL00001","S002","EC14","M001","EXITOSO","2021-09-14"
"TR000978","CL00050","S001","EC01","M001","EXITOSO","2022-05-09"
"TR000979","CL00042","S003","EC04","M001","EXITOSO","2021-06-24"
"TR000980","CL00015","S002","EC07","M001","EXITOSO","2021-06-10"
"TR000981","CL00059","S002","EC09","M001","EXITOSO","2021-03-29"
"TR000982","CL00071","S002","EC19","M001","EXITOSO","2022-10-17"
"TR000983","CL00031","S003","EC08","M001","EXITOSO","2021-11-06"
"TR000984","CL00076","S004","EC23","M001","EXITOSO","2022-08-06"
"TR000985","CL00073","S001","EC23","M001","EXITOSO","2021-12-03"
"TR000986","CL00067","S003","EC24","M001","EXITOSO","2022-07-08"
"TR000987","CL00048","S003","EC19","M001","EXITOSO","2021-07-10"
"TR000988","CL00024","S004","EC21","M001","EXITOSO","2022-06-01"
"TR000989","CL00078","S001","EC03","M001","EXITOSO","2022-09-05"
"TR000990","CL00044","S004","EC12","M001","EXITOSO","2021-01-11"
"TR000991","CL00015","S002","EC19","M001","EXITOSO","2022-01-18"
"TR000992","CL00017","S001","EC24","M001","EXITOSO","2021-12-11"
"TR000993","CL00046","S001","EC03","M001","EXITOSO","2021-06-17"
"TR000994","CL00032","S002","EC04","M001","EXITOSO","2021-11-18"
"TR000995","CL00017","S001","EC06","M001","EXITOSO","2022-10-29"
"TR000996","CL00076","S003","EC14","M001","EXITOSO","2022-11-29"
"TR000997","CL00036","S002","EC14","M001","EXITOSO","2021-02-02"
"TR000998","CL00058","S002","EC18","M001","EXITOSO","2022-07-05"
"TR000999","CL00003","S003","EC18","M001","EXITOSO","2021-04-14"
"TR001000","CL00028","S001","EC05","M001","EXITOSO","2021-04-30"
